{
  "version": null,
  "protocol_name": "breathing_turnaround_fg_v1",
  "annotation_session_id": null,
  "bias_by_candidate": {
    "acc_pca": 3.911209097905669,
    "rr_interval": -1.2868563645893312,
    "ecg_qrs": -0.0726160870420566
  },
  "reliability_by_candidate": {
    "acc_pca": 0.18469317050987563,
    "rr_interval": 0.41232667845099424,
    "ecg_qrs": 0.320859234690995
  },
  "minimum_points_per_candidate": 3,
  "epsilon": 0.25,
  "trained_point_count": 114,
  "trained_at_ns": 1774270357836675000
}
